year,week,week_start,unweighted_ili,ilitotal,num_of_providers,total_patients
2010,40,2010-10-03,0.604621,168,56,27786
2010,41,2010-10-10,0.887866,216,54,24328
2010,42,2010-10-17,0.744806,209,53,28061
2010,43,2010-10-24,0.783721,228,52,29092
2010,44,2010-10-31,0.812421,225,53,27695
2010,45,2010-11-07,0.732931,187,54,25514
2010,46,2010-11-14,0.803486,236,51,29372
2010,47,2010-11-21,0.958095,198,50,20666
2010,48,2010-11-28,0.903185,260,54,28787
2010,49,2010-12-05,0.96749,272,54,28114
2010,50,2010-12-12,1.12005,316,55,28213
2010,51,2010-12-19,1.30649,268,49,20513
2010,52,2010-12-26,1.4601,258,50,17670
2011,1,2011-01-02,1.17914,328,51,27817
2011,2,2011-01-09,1.69167,407,51,24059
2011,3,2011-01-16,1.52558,370,54,24253
2011,4,2011-01-23,1.86385,512,53,27470
2011,5,2011-01-30,2.37127,577,54,24333
2011,6,2011-02-06,2.33142,697,52,29896
2011,7,2011-02-13,2.65215,726,52,27374
2011,8,2011-02-20,2.45628,618,54,25160
2011,9,2011-02-27,1.93807,532,53,27450
2011,10,2011-03-06,2.04345,585,51,28628
2011,11,2011-03-13,1.7797,481,50,27027
2011,12,2011-03-20,1.51078,424,50,28065
2011,13,2011-03-27,1.5324,459,51,29953
2011,14,2011-04-03,1.39126,399,47,28679
2011,15,2011-04-10,1.28155,364,48,28403
2011,16,2011-04-17,1.25237,291,47,23236
2011,17,2011-04-24,0.991172,247,44,24920
2011,18,2011-05-01,0.912764,244,45,26732
2011,19,2011-05-08,0.750159,200,42,26661
2011,20,2011-05-15,0.812329,214,40,26344
2011,21,2011-05-22,0.954948,248,38,25970
2011,22,2011-05-29,0.914855,202,36,22080
2011,23,2011-06-05,0.875651,254,31,29007
2011,24,2011-06-12,0.940344,218,30,23183
2011,25,2011-06-19,0.814392,177,28,21734
2011,26,2011-06-26,0.74462,155,28,20816
2011,27,2011-07-03,0.771683,138,27,17883
2011,28,2011-07-10,0.75144,167,28,22224
2011,29,2011-07-17,0.742563,163,27,21951
2011,30,2011-07-24,0.708665,154,27,21731
2011,31,2011-07-31,0.651452,153,27,23486
2011,32,2011-08-07,0.679427,164,27,24138
2011,33,2011-08-14,0.607253,142,27,23384
2011,34,2011-08-21,0.601852,143,27,23760
2011,35,2011-08-28,0.620629,134,31,21591
2011,36,2011-09-04,0.578256,121,31,20925
2011,37,2011-09-11,0.637241,163,31,25579
2011,38,2011-09-18,0.667404,169,30,25322
2011,39,2011-09-25,0.837664,216,32,25786
2011,40,2011-10-02,0.66041,190,53,28770
2011,41,2011-10-09,1.1542,297,51,25732
2011,42,2011-10-16,0.933121,275,53,29471
2011,43,2011-10-23,1.02051,301,53,29495
2011,44,2011-10-30,1.04637,315,53,30104
2011,45,2011-11-06,1.00595,306,53,30419
2011,46,2011-11-13,0.861159,261,51,30308
2011,47,2011-11-20,1.0905,241,53,22100
2011,48,2011-11-27,0.863095,261,50,30240
2011,49,2011-12-04,0.834838,245,52,29347
2011,50,2011-12-11,1.02838,296,54,28783
2011,51,2011-12-18,1.28386,319,49,24847
2011,52,2011-12-25,1.42879,279,50,19527
2012,1,2012-01-01,1.21609,295,51,24258
2012,2,2012-01-08,1.1987,333,50,27780
2012,3,2012-01-15,1.26084,314,50,24904
2012,4,2012-01-22,1.18723,353,52,29733
2012,5,2012-01-29,1.14915,338,52,29413
2012,6,2012-02-05,1.11612,312,47,27954
2012,7,2012-02-12,1.13318,320,48,28239
2012,8,2012-02-19,1.33153,305,48,22906
2012,9,2012-02-26,1.07928,298,47,27611
2012,10,2012-03-04,0.949091,261,47,27500
2012,11,2012-03-11,1.14416,292,44,25521
2012,12,2012-03-18,1.22723,320,47,26075
2012,13,2012-03-25,0.727152,197,45,27092
2012,14,2012-04-01,1.08321,289,45,26680
2012,15,2012-04-08,1.04011,279,44,26824
2012,16,2012-04-15,1.11602,260,43,23297
2012,17,2012-04-22,0.858855,235,43,27362
2012,18,2012-04-29,0.677064,178,42,26290
2012,19,2012-05-06,0.845924,215,40,25416
2012,20,2012-05-13,0.76155,196,38,25737
2012,21,2012-05-20,0.787836,200,35,25386
2012,22,2012-05-27,0.757944,156,33,20582
2012,23,2012-06-03,0.665867,161,33,24179
2012,24,2012-06-10,0.704399,171,33,24276
2012,25,2012-06-17,0.714846,173,33,24201
2012,26,2012-06-24,0.709729,168,32,23671
2012,27,2012-07-01,0.810509,145,31,17890
2012,28,2012-07-08,0.792868,185,32,23333
2012,29,2012-07-15,0.730055,166,32,22738
2012,30,2012-07-22,0.605759,134,30,22121
2012,31,2012-07-29,0.666173,144,30,21616
2012,32,2012-08-05,0.725729,159,31,21909
2012,33,2012-08-12,0.666134,150,30,22518
2012,34,2012-08-19,0.545568,122,29,22362
2012,35,2012-08-26,0.604953,139,31,22977
2012,36,2012-09-02,0.717645,148,32,20623
2012,37,2012-09-09,0.756898,186,32,24574
2012,38,2012-09-16,0.635544,165,33,25962
2012,39,2012-09-23,0.660707,170,33,25730
2012,40,2012-09-30,0.691073,195,50,28217
2012,41,2012-10-07,0.721036,177,50,24548
2012,42,2012-10-14,1.04728,301,48,28741
2012,43,2012-10-21,0.700902,199,50,28392
2012,44,2012-10-28,0.7902,189,49,23918
2012,45,2012-11-04,0.657702,180,51,27368
2012,46,2012-11-11,0.796016,219,51,27512
2012,47,2012-11-18,1.04441,218,49,20873
2012,48,2012-11-25,1.01617,301,53,29621
2012,49,2012-12-02,1.61812,480,54,29664
2012,50,2012-12-09,2.06913,622,52,30061
2012,51,2012-12-16,3.07478,907,50,29498
2012,52,2012-12-23,4.3606,831,50,19057
2013,1,2012-12-30,3.0003,697,51,23231
2013,2,2013-01-06,2.57992,753,49,29187
2013,3,2013-01-13,2.37227,716,52,30182
2013,4,2013-01-20,2.48898,672,54,26999
2013,5,2013-01-27,2.06795,605,52,29256
2013,6,2013-02-03,1.92758,486,51,25213
2013,7,2013-02-10,1.66667,444,51,26640
2013,8,2013-02-17,1.59041,373,52,23453
2013,9,2013-02-24,1.30838,358,48,27362
2013,10,2013-03-03,1.46923,365,50,24843
2013,11,2013-03-10,1.40283,387,49,27587
2013,12,2013-03-17,1.39068,366,51,26318
2013,13,2013-03-24,1.46828,411,50,27992
2013,14,2013-03-31,1.51658,433,48,28551
2013,15,2013-04-07,1.57023,441,48,28085
2013,16,2013-04-14,1.3764,300,48,21796
2013,17,2013-04-21,0.870495,236,45,27111
2013,18,2013-04-28,0.942834,253,42,26834
2013,19,2013-05-05,0.908136,242,40,26648
2013,20,2013-05-12,0.783969,205,37,26149
2013,21,2013-05-19,0.610074,152,33,24915
2013,22,2013-05-26,0.673816,142,31,21074
2013,23,2013-06-02,0.513891,128,29,24908
2013,24,2013-06-09,0.688924,169,29,24531
2013,25,2013-06-16,0.585076,134,28,22903
2013,26,2013-06-23,0.602236,146,29,24243
2013,27,2013-06-30,0.602604,112,27,18586
2013,28,2013-07-07,0.521329,126,28,24169
2013,29,2013-07-14,0.603887,133,27,22024
2013,30,2013-07-21,0.447231,102,27,22807
2013,31,2013-07-28,0.481348,116,28,24099
2013,32,2013-08-04,0.585331,115,26,19647
2013,33,2013-08-11,0.44635,101,27,22628
2013,34,2013-08-18,0.525904,121,26,23008
2013,35,2013-08-25,0.37996,97,28,25529
2013,36,2013-09-01,0.256022,22,17,8593
2013,37,2013-09-08,0.431389,105,29,24340
2013,38,2013-09-15,0.532184,137,28,25743
2013,39,2013-09-22,0.495255,131,31,26451
2013,40,2013-09-29,0.621216,196,57,31551
2013,41,2013-10-06,0.702243,227,59,32325
2013,42,2013-10-13,0.838235,238,58,28393
2013,43,2013-10-20,0.714331,224,58,31358
2013,44,2013-10-27,0.752864,230,57,30550
2013,45,2013-11-03,0.792602,252,56,31794
2013,46,2013-11-10,0.858244,265,56,30877
2013,47,2013-11-17,0.808617,250,56,30917
2013,48,2013-11-24,1.04882,226,58,21548
2013,49,2013-12-01,0.840584,256,58,30455
2013,50,2013-12-08,1.24387,360,56,28942
2013,51,2013-12-15,1.3106,359,53,27392
2013,52,2013-12-22,1.87773,340,58,18107
2014,1,2013-12-29,1.93805,326,57,16821
2014,2,2014-01-05,1.33203,396,57,29729
2014,3,2014-01-12,1.82443,547,56,29982
2014,4,2014-01-19,1.74202,445,56,25545
2014,5,2014-01-26,1.58231,478,56,30209
2014,6,2014-02-02,1.99802,525,55,26276
2014,7,2014-02-09,1.65155,466,58,28216
2014,8,2014-02-16,1.45711,353,58,24226
2014,9,2014-02-23,1.2469,372,55,29834
2014,10,2014-03-02,1.3024,366,52,28102
2014,11,2014-03-09,1.27717,349,52,27326
2014,12,2014-03-16,1.50866,412,47,27309
2014,13,2014-03-23,1.37952,399,48,28923
2014,14,2014-03-30,1.68397,493,50,29276
2014,15,2014-04-06,1.89628,547,46,28846
2014,16,2014-04-13,1.54012,415,44,26946
2014,17,2014-04-20,1.39503,325,46,23297
2014,18,2014-04-27,1.01512,288,45,28371
2014,19,2014-05-04,1.07308,295,41,27491
2014,20,2014-05-11,1.00655,258,35,25632
2014,21,2014-05-18,0.749749,209,37,27876
2014,22,2014-05-25,0.708627,161,34,22720
2014,23,2014-06-01,0.757277,192,32,25354
2014,24,2014-06-08,0.717355,187,33,26068
2014,25,2014-06-15,0.662935,167,32,25191
2014,26,2014-06-22,0.778862,186,31,23881
2014,27,2014-06-29,0.84533,165,30,19519
2014,28,2014-07-06,0.603396,140,28,23202
2014,29,2014-07-13,0.601338,142,29,23614
2014,30,2014-07-20,0.579598,135,29,23292
2014,31,2014-07-27,0.481064,110,28,22866
2014,32,2014-08-03,0.500134,112,29,22394
2014,33,2014-08-10,0.552634,124,29,22438
2014,34,2014-08-17,0.468604,105,29,22407
2014,35,2014-08-24,0.489302,110,28,22481
2014,36,2014-08-31,0.612085,125,29,20422
2014,37,2014-09-07,0.575474,139,28,24154
2014,38,2014-09-14,0.564925,138,29,24428
2014,39,2014-09-21,0.664808,155,29,23315
2014,40,2014-09-28,0.618429,170,47,27489
2014,41,2014-10-05,0.706026,185,46,26203
2014,42,2014-10-12,0.784763,178,46,22682
2014,43,2014-10-19,0.605295,163,48,26929
2014,44,2014-10-26,0.740407,197,47,26607
2014,45,2014-11-02,0.943831,266,50,28183
2014,46,2014-11-09,0.881402,248,50,28137
2014,47,2014-11-16,0.938086,265,50,28249
2014,48,2014-11-23,1.09112,211,48,19338
2014,49,2014-11-30,1.00662,283,50,28114
2014,50,2014-12-07,1.26052,346,49,27449
2014,51,2014-12-14,1.43959,392,49,27230
2014,52,2014-12-21,2.27933,400,46,17549
2014,53,2014-12-28,2.01187,383,46,19037
2015,1,2015-01-04,1.76238,468,47,26555
2015,2,2015-01-11,2.46778,674,46,27312
2015,3,2015-01-18,3.55623,961,51,27023
2015,4,2015-01-25,2.97916,639,49,21449
2015,5,2015-02-01,2.45614,532,48,21660
2015,6,2015-02-08,2.16851,454,48,20936
2015,7,2015-02-15,1.5576,313,47,20095
2015,8,2015-02-22,1.13747,293,48,25759
2015,9,2015-03-01,1.45583,367,43,25209
2015,10,2015-03-08,1.50027,365,45,24329
2015,11,2015-03-15,1.50587,408,46,27094
2015,12,2015-03-22,1.56529,439,46,28046
2015,13,2015-03-29,1.52827,436,46,28529
2015,14,2015-04-05,1.37273,387,45,28192
2015,15,2015-04-12,1.47236,415,44,28186
2015,16,2015-04-19,1.32892,301,44,22650
2015,17,2015-04-26,0.94502,247,42,26137
2015,18,2015-05-03,0.948982,226,37,23815
2015,19,2015-05-10,0.744121,181,36,24324
2015,20,2015-05-17,0.757729,187,33,24679
2015,21,2015-05-24,0.919678,184,31,20007
2015,22,2015-05-31,0.730572,157,29,21490
2015,23,2015-06-07,0.869925,189,27,21726
2015,24,2015-06-14,0.695212,151,27,21720
2015,25,2015-06-21,0.739986,138,25,18649
2015,26,2015-06-28,0.810289,126,25,15550
2015,27,2015-07-05,0.639635,115,25,17979
2015,28,2015-07-12,0.578848,107,24,18485
2015,29,2015-07-19,0.618067,112,24,18121
2015,30,2015-07-26,0.60925,110,24,18055
2015,31,2015-08-02,0.575323,103,24,17903
2015,32,2015-08-09,0.582876,103,24,17671
2015,33,2015-08-16,0.563607,98,22,17388
2015,34,2015-08-23,0.666414,123,23,18457
2015,35,2015-08-30,0.528587,98,23,18540
2015,36,2015-09-06,0.662703,107,24,16146
2015,37,2015-09-13,0.681726,134,24,19656
2015,38,2015-09-20,0.629266,130,25,20659
2015,39,2015-09-27,0.407127,77,24,18913
2015,40,2015-10-04,0.790429,185,44,23405
2015,41,2015-10-11,0.643767,134,43,20815
2015,42,2015-10-18,0.733375,177,44,24135
2015,43,2015-10-25,0.589921,142,41,24071
2015,44,2015-11-01,0.667916,164,44,24554
2015,45,2015-11-08,0.672289,165,45,24543
2015,46,2015-11-15,0.645367,162,44,25102
2015,47,2015-11-22,0.869205,147,42,16912
2015,48,2015-11-29,0.793021,200,46,25220
2015,49,2015-12-06,0.811212,202,46,24901
2015,50,2015-12-13,0.791949,192,45,24244
2015,51,2015-12-20,1.31384,204,41,15527
2015,52,2015-12-27,1.24224,192,43,15456
2016,1,2016-01-03,1.03824,243,43,23405
2016,2,2016-01-10,1.09204,250,42,22893
2016,3,2016-01-17,1.25813,269,45,21381
2016,4,2016-01-24,1.43077,353,45,24672
2016,5,2016-01-31,1.61123,389,45,24143
2016,6,2016-02-07,1.49574,335,45,22397
2016,7,2016-02-14,1.57182,311,44,19786
2016,8,2016-02-21,1.57617,382,42,24236
2016,9,2016-02-28,1.75215,413,42,23571
2016,10,2016-03-06,2.58081,618,42,23946
2016,11,2016-03-13,2.22927,520,40,23326
2016,12,2016-03-20,1.9326,449,42,23233
2016,13,2016-03-27,1.92072,471,42,24522
2016,14,2016-04-03,1.53833,364,41,23662
2016,15,2016-04-10,1.36795,323,41,23612
2016,16,2016-04-17,1.57377,288,36,18300
2016,17,2016-04-24,0.997163,232,37,23266
2016,18,2016-05-01,0.958786,211,38,22007
2016,19,2016-05-08,0.834063,181,36,21701
2016,20,2016-05-15,0.807351,181,33,22419
2016,21,2016-05-22,0.835339,177,28,21189
2016,22,2016-05-29,0.582216,99,26,17004
2016,23,2016-06-05,0.837011,165,25,19713
2016,24,2016-06-12,0.580504,106,24,18260
2016,25,2016-06-19,0.494651,86,23,17386
2016,26,2016-06-26,0.454519,77,22,16941
2016,27,2016-07-03,0.488679,60,23,12278
2016,28,2016-07-10,0.426677,65,22,15234
2016,29,2016-07-17,0.427722,64,24,14963
2016,30,2016-07-24,0.414841,71,23,17115
2016,31,2016-07-31,0.389268,65,22,16698
2016,32,2016-08-07,0.333677,55,22,16483
2016,33,2016-08-14,0.465679,100,25,21474
2016,34,2016-08-21,0.406466,86,25,21158
2016,35,2016-08-28,0.356064,79,26,22187
2016,36,2016-09-04,0.477624,92,25,19262
2016,37,2016-09-11,0.565901,141,26,24916
2016,38,2016-09-18,0.587343,151,27,25709
2016,39,2016-09-25,0.487732,130,28,26654
2016,40,2016-10-02,0.61873,177,45,28607
2016,41,2016-10-09,0.538175,150,47,27872
2016,42,2016-10-16,0.677688,198,46,29217
2016,43,2016-10-23,0.630021,189,46,29999
2016,44,2016-10-30,0.767178,230,46,29980
2016,45,2016-11-06,0.679392,210,45,30910
2016,46,2016-11-13,0.807039,255,44,31597
2016,47,2016-11-20,0.847225,185,48,21836
2016,48,2016-11-27,0.691585,220,44,31811
2016,49,2016-12-04,0.871126,267,44,30650
2016,50,2016-12-11,1.01981,313,45,30692
2016,51,2016-12-18,1.1781,340,45,28860
2016,52,2016-12-25,1.55035,315,44,20318
2017,1,2017-01-01,1.34451,356,45,26478
2017,2,2017-01-08,1.32576,406,45,30624
2017,3,2017-01-15,1.51277,423,47,27962
2017,4,2017-01-22,1.79816,583,46,32422
2017,5,2017-01-29,2.23652,737,47,32953
2017,6,2017-02-05,2.73075,750,45,27465
2017,7,2017-02-12,2.4473,714,44,29175
2017,8,2017-02-19,2.53476,669,46,26393
2017,9,2017-02-26,1.63971,518,45,31591
2017,10,2017-03-05,1.67908,460,46,27396
2017,11,2017-03-12,1.78344,435,43,24391
2017,12,2017-03-19,1.82552,556,44,30457
2017,13,2017-03-26,2.02522,668,46,32984
2017,14,2017-04-02,2.10917,694,44,32904
2017,15,2017-04-09,1.72087,527,43,30624
2017,16,2017-04-16,1.27052,298,44,23455
2017,17,2017-04-23,0.896083,248,39,27676
2017,18,2017-04-30,0.704576,198,39,28102
2017,19,2017-05-07,0.754067,210,39,27849
2017,20,2017-05-14,0.820463,221,39,26936
2017,21,2017-05-21,0.677286,179,32,26429
2017,22,2017-05-28,0.757756,159,28,20983
2017,23,2017-06-04,0.667514,168,28,25168
2017,24,2017-06-11,0.708397,177,27,24986
2017,25,2017-06-18,0.618827,151,28,24401
2017,26,2017-06-25,0.430416,27,12,6273
2017,27,2017-07-02,0.570147,89,25,15610
2017,28,2017-07-09,0.493495,99,24,20061
2017,29,2017-07-16,0.417622,82,25,19635
2017,30,2017-07-23,0.374759,74,25,19746
2017,31,2017-07-30,0.443755,83,24,18704
2017,32,2017-08-06,0.462233,88,23,19038
2017,33,2017-08-13,0.479541,92,24,19185
2017,34,2017-08-20,0.446002,84,24,18834
2017,35,2017-08-27,0.395121,69,22,17463
2017,36,2017-09-03,0.416378,72,24,17292
2017,37,2017-09-10,0.555258,114,24,20531
2017,38,2017-09-17,0.557541,117,24,20985
2017,39,2017-09-24,0.531195,102,20,19202
2017,40,2017-10-01,0.68067,372,92,54652
2017,41,2017-10-08,0.891701,592,86,66390
2017,42,2017-10-15,0.807923,558,90,69066
2017,43,2017-10-22,0.9611,674,88,70128
2017,44,2017-10-29,0.995875,676,92,67880
2017,45,2017-11-05,1.20766,882,88,73034
2017,46,2017-11-12,1.27454,944,92,74066
2017,47,2017-11-19,1.66174,910,92,54762
2017,48,2017-11-26,1.39196,1008,92,72416
2017,49,2017-12-03,1.51453,1110,90,73290
2017,50,2017-12-10,1.72312,1278,90,74168
2017,51,2017-12-17,2.10554,1438,88,68296
2017,52,2017-12-24,3.11497,1592,92,51108
2018,1,2017-12-31,2.86885,1442,88,50264
2018,2,2018-01-07,2.2933500000000002,1638,92,71424
2018,3,2018-01-14,3.16612,2132,92,67338
2018,4,2018-01-21,3.89597,2960,90,75976
2018,5,2018-01-28,5.48851,3984,86,72588
2018,6,2018-02-04,5.42233,4138,90,76314
2018,7,2018-02-11,5.06878,3972,84,78362
2018,8,2018-02-18,4.61404,3064,90,66406
2018,9,2018-02-25,3.00361,2080,90,69250
2018,10,2018-03-04,2.39857,1530,88,63788
2018,11,2018-03-11,2.31978,1338,84,57678
2018,12,2018-03-18,1.75298,1178,86,67200
2018,13,2018-03-25,1.82193,1272,88,69816
2018,14,2018-04-01,1.92668,1356,86,70380
2018,15,2018-04-08,1.84517,1370,86,74248
2018,16,2018-04-15,1.65541,1000,86,60408
2018,17,2018-04-22,1.30076,918,82,70574
2018,18,2018-04-29,1.20893,836,84,69152
2018,19,2018-05-06,1.05451,732,82,69416
2018,20,2018-05-13,1.01591,678,70,66738
2018,21,2018-05-20,1.07181,674,66,62884
2018,22,2018-05-27,0.89777,496,68,55248
2018,23,2018-06-03,0.685467,386,62,56312
2018,24,2018-06-10,0.650836,370,58,56850
2018,25,2018-06-17,0.695557,356,58,51182
2018,26,2018-06-24,0.719451,384,56,53374
2018,27,2018-07-01,0.703415,318,58,45208
2018,28,2018-07-08,0.802852,482,60,60036
2018,29,2018-07-15,0.657088,386,58,58744
2018,30,2018-07-22,0.667453,396,56,59330
2018,31,2018-07-29,0.564083,330,58,58502
2018,32,2018-08-05,0.655524,382,56,58274
2018,33,2018-08-12,0.689191,410,58,59490
2018,34,2018-08-19,0.71071,406,56,57126
2018,35,2018-08-26,0.717829,382,52,53216
2018,36,2018-09-02,0.862194,476,60,55208
2018,37,2018-09-09,0.92219,576,60,62460
2018,38,2018-09-16,1.00915,642,60,63618
2018,39,2018-09-23,1.0465,636,60,60774
2018,40,2018-09-30,1.00768,505,57,50115
2018,41,2018-10-07,1.16488,583,58,50048
2018,42,2018-10-14,1.27304,605,57,47524
2018,43,2018-10-21,1.14343,550,58,48101
2018,44,2018-10-28,1.11881,565,58,50500
2018,45,2018-11-04,1.2139,599,57,49345
2018,46,2018-11-11,1.1907,577,58,48459
2018,47,2018-11-18,1.63042,644,56,39499
2018,48,2018-11-25,1.39094,716,57,51476
2018,49,2018-12-02,1.50652,762,57,50580
2018,50,2018-12-09,1.68937,867,59,51321
2018,51,2018-12-16,2.26225,1089,56,48138
2018,52,2018-12-23,3.31652,1361,58,41037
2019,1,2018-12-30,3.20163,1461,58,45633
2019,2,2019-01-06,2.9033,1463,58,50391
2019,3,2019-01-13,3.03269,1540,55,50780
2019,4,2019-01-20,3.16343,1505,57,47575
2019,5,2019-01-27,3.20346,1568,57,48947
2019,6,2019-02-03,3.47899,1836,60,52774
2019,7,2019-02-10,2.92797,1409,57,48122
2019,8,2019-02-17,3.20875,1450,58,45189
2019,9,2019-02-24,2.44278,1239,60,50721
2019,10,2019-03-03,2.32792,1109,58,47639
2019,11,2019-03-10,2.40205,1201,58,49999
2019,12,2019-03-17,2.23867,1125,59,50253
2019,13,2019-03-24,2.37729,1237,57,52034
2019,14,2019-03-31,2.31118,1202,58,52008
2019,15,2019-04-07,2.18194,1146,58,52522
2019,16,2019-04-14,1.91586,888,59,46350
2019,17,2019-04-21,1.40275,700,58,49902
2019,18,2019-04-28,1.32288,653,55,49362
2019,19,2019-05-05,1.11937,550,55,49135
2019,20,2019-05-12,1.2373,599,54,48412
2019,21,2019-05-19,1.09884,556,47,50599
2019,22,2019-05-26,1.34337,439,33,32679
2019,23,2019-06-02,1.00537,466,43,46351
2019,24,2019-06-09,0.858033,394,45,45919
2019,25,2019-06-16,0.825837,381,44,46135
2019,26,2019-06-23,0.839302,382,44,45514
2019,27,2019-06-30,0.774005,308,44,39793
2019,28,2019-07-07,0.636237,293,43,46052
2019,29,2019-07-14,0.671475,297,42,44231
2019,30,2019-07-21,0.583388,257,42,44053
2019,31,2019-07-28,0.578544,256,42,44249
2019,32,2019-08-04,0.628001,276,43,43949
2019,33,2019-08-11,0.529734,230,42,43418
2019,34,2019-08-18,0.593704,258,43,43456
2019,35,2019-08-25,0.704496,312,42,44287
2019,36,2019-09-01,0.782638,326,45,41654
2019,37,2019-09-08,0.816449,380,45,46543
2019,38,2019-09-15,0.909492,433,46,47609
2019,39,2019-09-22,0.993745,483,47,48604
2019,40,2019-09-29,0.934375,555,72,59398
2019,41,2019-10-06,1.0167,599,73,58916
2019,42,2019-10-13,1.05407,632,78,59958
2019,43,2019-10-20,0.989778,611,77,61731
2019,44,2019-10-27,1.06684,648,78,60740
2019,45,2019-11-03,1.22268,754,78,61668
2019,46,2019-11-10,1.46429,868,76,59278
2019,47,2019-11-17,1.4374,879,76,61152
2019,48,2019-11-24,1.91389,961,76,50212
2019,49,2019-12-01,1.88156,1086,77,57718
2019,50,2019-12-08,1.78126,1099,77,61698
2019,51,2019-12-15,2.35203,1371,74,58290
2019,52,2019-12-22,3.58007,1819,76,50809
2020,1,2019-12-29,3.92322,2189,76,55796
2020,2,2020-01-05,3.3674,2142,76,63610
2020,3,2020-01-12,4.15404,2590,77,62349
2020,4,2020-01-19,5.0205,3062,75,60990
2020,5,2020-01-26,5.54626,3746,78,67541
2020,6,2020-02-02,6.26648,4087,77,65220
2020,7,2020-02-09,5.26225,3338,76,63433
2020,8,2020-02-16,4.7437,2680,75,56496
2020,9,2020-02-23,3.6177,2262,77,62526
2020,10,2020-03-01,3.53062,2092,74,59253
2020,11,2020-03-08,4.59862,2461,72,53516
2020,12,2020-03-15,6.61412,2123,71,32098
2020,13,2020-03-22,5.48371,1429,68,26059
2020,14,2020-03-29,5.15334,1225,69,23771
2020,15,2020-04-05,4.29839,1017,67,23660
2020,16,2020-04-12,3.72026,874,68,23493
2020,17,2020-04-19,2.90564,731,66,25158
2020,18,2020-04-26,2.41168,639,64,26496
2020,19,2020-05-03,1.92216,525,64,27313
2020,20,2020-05-10,1.72892,486,64,28110
2020,21,2020-05-17,1.28201,377,62,29407
2020,22,2020-05-24,1.00017,299,60,29895
2020,23,2020-05-31,0.970753,312,60,32140
2020,24,2020-06-07,0.826081,262,61,31716
2020,25,2020-06-14,0.705581,231,58,32739
2020,26,2020-06-21,0.726951,255,59,35078
2020,27,2020-06-28,0.606551,210,58,34622
2020,28,2020-07-05,0.626838,243,59,38766
2020,29,2020-07-12,0.61946,246,58,39712
2020,30,2020-07-19,0.557166,221,57,39665
2020,31,2020-07-26,0.650521,267,58,41044
2020,32,2020-08-02,0.659858,272,57,41221
2020,33,2020-08-09,0.777208,317,58,40787
2020,34,2020-08-16,0.759364,312,57,41087
2020,35,2020-08-23,0.696873,287,58,41184
2020,36,2020-08-30,0.691485,284,59,41071
2020,37,2020-09-06,0.725985,289,60,39808
2020,38,2020-09-13,0.711484,292,60,41041
2020,39,2020-09-20,0.715325,295,59,41240
2020,40,2020-09-27,0.661963,470,100,71001
2020,41,2020-10-04,0.739848,528,93,71366
2020,42,2020-10-11,0.608448,414,93,68042
2020,43,2020-10-18,0.669414,450,92,67223
2020,44,2020-10-25,0.788989,450,92,57035
2020,45,2020-11-01,0.955625,547,93,57240
2020,46,2020-11-08,0.96886,584,94,60277
2020,47,2020-11-15,0.974493,562,92,57671
2020,48,2020-11-22,1.178,600,92,50934
2020,49,2020-11-29,1.09717,641,92,58423
2020,50,2020-12-06,1.04216,590,93,56613
2020,51,2020-12-13,1.05308,548,92,52038
2020,52,2020-12-20,1.098,552,92,50273
2020,53,2020-12-27,1.09182,571,93,52298
2021,1,2021-01-03,0.991023,563,93,56810
2021,2,2021-01-10,0.772562,421,94,54494
2021,3,2021-01-17,0.75212,400,93,53183
2021,4,2021-01-24,0.74451,398,93,53458
2021,5,2021-01-31,0.56494,298,92,52749
2021,6,2021-02-07,0.525871,280,92,53245
2021,7,2021-02-14,0.510005,262,93,51372
2021,8,2021-02-21,0.460251,264,94,57360
2021,9,2021-02-28,0.503864,283,94,56166
2021,10,2021-03-07,0.546581,314,90,57448
2021,11,2021-03-14,0.532256,307,94,57679
2021,12,2021-03-21,0.540346,330,94,61072
2021,13,2021-03-28,0.611114,365,92,59727
2021,14,2021-04-04,0.633889,398,93,62787
2021,15,2021-04-11,0.544362,348,92,63928
2021,16,2021-04-18,0.524562,318,93,60622
2021,17,2021-04-25,0.510864,328,93,64205
2021,18,2021-05-02,0.537107,345,92,64233
2021,19,2021-05-09,0.590751,384,92,65002
2021,20,2021-05-16,0.603959,411,92,68051
2021,21,2021-05-23,0.587954,393,85,66842
2021,22,2021-05-30,0.715868,462,84,64537
2021,23,2021-06-06,0.69532,491,82,70615
2021,24,2021-06-13,0.77861,546,84,70125
2021,25,2021-06-20,0.793913,552,83,69529
2021,26,2021-06-27,0.723231,503,84,69549
2021,27,2021-07-04,0.855239,570,83,66648
2021,28,2021-07-11,0.786909,566,83,71927
2021,29,2021-07-18,0.851023,625,85,73441
2021,30,2021-07-25,0.986784,728,84,73775
2021,31,2021-08-01,1.04275,759,83,72788
2021,32,2021-08-08,1.03854,771,84,74239
2021,33,2021-08-15,1.03048,751,83,72879
2021,34,2021-08-22,1.01277,727,84,71783
2021,35,2021-08-29,1.02415,742,84,72450
2021,36,2021-09-05,1.23445,889,83,72016
2021,37,2021-09-12,1.17043,889,83,75955
2021,38,2021-09-19,1.2885,973,83,75514
2021,39,2021-09-26,1.36196,1011,83,74231
2021,40,2021-10-03,1.26833,955,91,75296
2021,41,2021-10-10,1.21124,912,92,75295
2021,42,2021-10-17,1.11751,836,93,74809
2021,43,2021-10-24,1.08467,769,93,70897
2021,44,2021-10-31,1.20192,875,91,72800
2021,45,2021-11-07,1.42089,1028,93,72349
2021,46,2021-11-14,1.56633,1150,93,73420
2021,47,2021-11-21,2.00593,1258,93,62714
2021,48,2021-11-28,2.53869,1898,93,74763
2021,49,2021-12-05,2.86691,2079,93,72517
2021,50,2021-12-12,2.81543,2050,93,72813
2021,51,2021-12-19,3.46429,2230,92,64371
2021,52,2021-12-26,4.39349,3150,93,71697
2022,1,2022-01-02,3.19645,2318,92,72518
2022,2,2022-01-09,1.94832,1238,93,63542
2022,3,2022-01-16,1.2028,717,93,59611
2022,4,2022-01-23,0.833849,472,92,56605
2022,5,2022-01-30,0.741368,420,91,56652
2022,6,2022-02-06,0.528629,332,92,62804
2022,7,2022-02-13,0.501902,310,92,61765
2022,8,2022-02-20,0.633875,354,93,55847
2022,9,2022-02-27,0.626887,409,93,65243
2022,10,2022-03-06,1.01285,658,93,64965
2022,11,2022-03-13,1.20161,804,93,66910
2022,12,2022-03-20,1.54148,1069,93,69349
2022,13,2022-03-27,2.11857,1492,92,70425
2022,14,2022-04-03,2.8313,2044,92,72193
2022,15,2022-04-10,3.43025,2493,90,72677
2022,16,2022-04-17,3.30314,2192,92,66361
2022,17,2022-04-24,2.82196,2065,92,73176
2022,18,2022-05-01,3.25249,2406,92,73974
2022,19,2022-05-08,3.36681,2561,90,76066
2022,20,2022-05-15,2.61867,1911,84,72976
2022,21,2022-05-22,2.04799,1445,83,70557
2022,22,2022-05-29,1.61708,1073,81,66354
2022,23,2022-06-05,1.33848,930,77,69482
2022,24,2022-06-12,1.20256,841,75,69934
2022,25,2022-06-19,1.0713,731,76,68235
2022,26,2022-06-26,1.00039,695,75,69473
2022,27,2022-07-03,0.981253,659,75,67159
2022,28,2022-07-10,0.75175,523,75,69571
2022,29,2022-07-17,0.814192,559,74,68657
2022,30,2022-07-24,0.81028,565,75,69729
2022,31,2022-07-31,0.771434,536,75,69481
2022,32,2022-08-07,0.800972,554,75,69166
2022,33,2022-08-14,0.816388,544,73,66635
2022,34,2022-08-21,0.819288,559,75,68230
2022,35,2022-08-28,0.769004,521,75,67750
2022,36,2022-09-04,0.914233,611,78,66832
2022,37,2022-09-11,1.12976,828,77,73290
2022,38,2022-09-18,1.23265,1016,84,82424
2022,39,2022-09-25,1.39094,1113,84,80018
2022,40,2022-10-02,1.5803,1269,92,80301
2022,41,2022-10-09,1.72675,1412,94,81772
2022,42,2022-10-16,1.68775,1402,95,83069
2022,43,2022-10-23,2.07313,1732,95,83545
2022,44,2022-10-30,2.6438,2260,95,85483
2022,45,2022-11-06,2.65215,2256,95,85063
2022,46,2022-11-13,2.77051,2254,95,81357
2022,47,2022-11-20,4.58605,3199,95,69755
2022,48,2022-11-27,6.31883,5451,95,86266
2022,49,2022-12-04,7.89729,6683,95,84624
2022,50,2022-12-11,8.72083,7290,95,83593
2022,51,2022-12-18,8.89704,6988,94,78543
2022,52,2022-12-25,7.94679,5890,94,74118
2023,1,2023-01-01,4.71652,3697,95,78384
2023,2,2023-01-08,2.76932,2120,93,76553
2023,3,2023-01-15,2.12983,1526,95,71649
2023,4,2023-01-22,1.89049,1420,95,75113
2023,5,2023-01-29,1.67517,1224,94,73067
